<?xml version = '1.0' encoding = 'UTF-8'?>
<FKIndexAssociation class="oracle.dbtools.crest.model.design.relational.FKIndexAssociation" directorySegmentName="seg_0" id="73A0786E-7BCE-4687-3BA4-E63DB3C7DC07" containerWithKeyObject="4256E74E-1720-0CF8-EF0F-95BE8B1A5B7B" localFKIndex="2FC8BF6B-4894-D326-B07B-51DCB941BD37" name="EMPLEADO_VUELO_FK">
<createdBy>exequ</createdBy>
<createdTime>2025-08-16 02:46:29 UTC</createdTime>
<ownerDesignName>BTAirways_exequiel_venegas</ownerDesignName>
<referredTableLongName>VUELO</referredTableLongName>
<deleteRule>NO ACTION</deleteRule>
<referredTableID>10B48C21-57E6-FDED-619B-29D75DE3BB41</referredTableID>
<keyObject>A6FFBAC3-8857-2E79-FCD0-1F47B32335C0</keyObject>
<referredKeyID>A6FFBAC3-8857-2E79-FCD0-1F47B32335C0</referredKeyID>
<mandatory>true</mandatory>
<refColNames>NUMERO_VUELO</refColNames>
<transferable>true</transferable>
<rely>false</rely>
<columnDependencyConstraintGenerateInDDL>true</columnDependencyConstraintGenerateInDDL>
</FKIndexAssociation>