<?xml version = '1.0' encoding = 'UTF-8'?>
<FKIndexAssociation class="oracle.dbtools.crest.model.design.relational.FKIndexAssociation" directorySegmentName="seg_0" id="B20E7666-77E3-AED4-3441-773B2709568C" containerWithKeyObject="E076B40B-CDEB-E1EC-872E-9513078F7A7C" localFKIndex="9E6776AB-BE80-26FF-A11A-CF9E1B46C4BC" name="RESERVA_VUELO_FK">
<createdBy>exequ</createdBy>
<createdTime>2025-08-16 02:45:33 UTC</createdTime>
<ownerDesignName>BTAirways_exequiel_venegas</ownerDesignName>
<referredTableLongName>VUELO</referredTableLongName>
<deleteRule>NO ACTION</deleteRule>
<referredTableID>10B48C21-57E6-FDED-619B-29D75DE3BB41</referredTableID>
<keyObject>A6FFBAC3-8857-2E79-FCD0-1F47B32335C0</keyObject>
<referredKeyID>A6FFBAC3-8857-2E79-FCD0-1F47B32335C0</referredKeyID>
<mandatory>true</mandatory>
<refColNames>NUMERO_VUELO</refColNames>
<transferable>true</transferable>
<rely>false</rely>
<columnDependencyConstraintGenerateInDDL>true</columnDependencyConstraintGenerateInDDL>
</FKIndexAssociation>