<?xml version = '1.0' encoding = 'UTF-8'?>
<relationalModel class="oracle.dbtools.crest.model.design.relational.RelationalDesign" name="Relational_1" id="70F6B931-D651-FFD0-C792-D42345C0AE2C" mainViewID="126DF61F-0EF4-E2B8-C347-A06174E9B742">
<createdBy>exequ</createdBy>
<createdTime>2025-08-16 02:03:44 UTC</createdTime>
<ownerDesignName>BTAirways_exequiel_venegas</ownerDesignName>
<shouldBeOpen>false</shouldBeOpen>
<selectedRDBMSSite>32076570-2523-435C-2E92-BF29817DFF70</selectedRDBMSSite>
</relationalModel>