<?xml version = '1.0' encoding = 'UTF-8'?>
<Relation class="oracle.dbtools.crest.model.design.logical.Relation" name="RESERVA_VUELO_FK" directorySegmentName="seg_0" id="6C8E6F89-FD1C-F3D6-971B-BAA4074E24F5">
<createdBy>exequ</createdBy>
<createdTime>2025-08-16 02:52:06 UTC</createdTime>
<generatorID>B20E7666-77E3-AED4-3441-773B2709568C</generatorID>
<ownerDesignName>BTAirways_exequiel_venegas</ownerDesignName>
<engineerTo>
<item key="70F6B931-D651-FFD0-C792-D42345C0AE2C" value="true"/>
</engineerTo>
<sourcePk>F781C3B8-6594-F7B4-ABC4-B2A1733E55EA</sourcePk>
<identifying>false</identifying>
<optionalSource>true</optionalSource>
<optionalTarget>false</optionalTarget>
<sourceCardinality>1</sourceCardinality>
<sourceEntity>033EAB86-3AF4-B396-5D62-F31838C34C51</sourceEntity>
<targetCardinalityString>*</targetCardinalityString>
<targetEntity>D3AB5AB1-5520-9966-1C3C-1C33F5638D79</targetEntity>
<transferable>true</transferable>
<deleteRule>NO ACTION</deleteRule>
</Relation>