<?xml version = '1.0' encoding = 'UTF-8'?>
<Relation class="oracle.dbtools.crest.model.design.logical.Relation" name="RESERVA_PASAJEROS_FK" directorySegmentName="seg_0" id="D28A72FE-3C9F-862C-9792-EC406A84AD63">
<createdBy>exequ</createdBy>
<createdTime>2025-08-16 02:52:06 UTC</createdTime>
<generatorID>39EB2E32-041C-4422-F57A-F6EC11D08881</generatorID>
<ownerDesignName>BTAirways_exequiel_venegas</ownerDesignName>
<engineerTo>
<item key="70F6B931-D651-FFD0-C792-D42345C0AE2C" value="true"/>
</engineerTo>
<sourcePk>5B81AA05-BC3E-5438-D6A9-EE7958504AB3</sourcePk>
<identifying>false</identifying>
<optionalSource>true</optionalSource>
<optionalTarget>false</optionalTarget>
<sourceCardinality>1</sourceCardinality>
<sourceEntity>76F151A9-A402-C794-7D63-FE30F919659A</sourceEntity>
<targetCardinalityString>*</targetCardinalityString>
<targetEntity>D3AB5AB1-5520-9966-1C3C-1C33F5638D79</targetEntity>
<transferable>true</transferable>
<deleteRule>NO ACTION</deleteRule>
</Relation>