<?xml version = '1.0' encoding = 'UTF-8'?>
<Relation class="oracle.dbtools.crest.model.design.logical.Relation" name="EMPLEADO_VUELO_FK" directorySegmentName="seg_0" id="DBD3F046-A82A-8790-1228-D88951BE74BE">
<createdBy>exequ</createdBy>
<createdTime>2025-08-16 02:52:06 UTC</createdTime>
<generatorID>73A0786E-7BCE-4687-3BA4-E63DB3C7DC07</generatorID>
<ownerDesignName>BTAirways_exequiel_venegas</ownerDesignName>
<engineerTo>
<item key="70F6B931-D651-FFD0-C792-D42345C0AE2C" value="true"/>
</engineerTo>
<sourcePk>F781C3B8-6594-F7B4-ABC4-B2A1733E55EA</sourcePk>
<identifying>false</identifying>
<optionalSource>true</optionalSource>
<optionalTarget>false</optionalTarget>
<sourceCardinality>1</sourceCardinality>
<sourceEntity>033EAB86-3AF4-B396-5D62-F31838C34C51</sourceEntity>
<targetCardinalityString>*</targetCardinalityString>
<targetEntity>FEE1D046-630A-D318-6DD8-E4B26FA6A006</targetEntity>
<transferable>true</transferable>
<deleteRule>NO ACTION</deleteRule>
</Relation>