<?xml version = '1.0' encoding = 'UTF-8'?>
<Entity class="oracle.dbtools.crest.model.design.logical.Entity" directorySegmentName="seg_0" id="FEE1D046-630A-D318-6DD8-E4B26FA6A006" name="EMPLEADO">
<createdBy>exequ</createdBy>
<createdTime>2025-08-16 02:52:06 UTC</createdTime>
<generatorID>4256E74E-1720-0CF8-EF0F-95BE8B1A5B7B</generatorID>
<ownerDesignName>BTAirways_exequiel_venegas</ownerDesignName>
<engineerTo>
<item key="70F6B931-D651-FFD0-C792-D42345C0AE2C" value="true"/>
</engineerTo>
<adequatelyNormalized>NO</adequatelyNormalized>
<expectedVolumes>0</expectedVolumes>
<fwdEngineeringStrategyName>Single Table</fwdEngineeringStrategyName>
<growthPercent>0</growthPercent>
<growthType>Year</growthType>
<maxVolumes>9999999</maxVolumes>
<minVolumes>0</minVolumes>
<normalForm>Third</normalForm>
<attributes itemClass="oracle.dbtools.crest.model.design.logical.Attribute">
<Attribute name="CEDULADA IDENTIDAD" id="60207306-6A7A-D52E-FAFD-B82C549EA22B">
<createdBy>exequ</createdBy>
<createdTime>2025-08-16 02:52:06 UTC</createdTime>
<generatorID>02A7ABDD-3E86-1B53-794C-98A50531A666</generatorID>
<ownerDesignName>BTAirways_exequiel_venegas</ownerDesignName>
<engineerTo>
<item key="70F6B931-D651-FFD0-C792-D42345C0AE2C" value="true"/>
</engineerTo>
<useDomainConstraints>false</useDomainConstraints>
<use>1</use>
<logicalDatatype>LOGDT037</logicalDatatype>
<dataTypeSize>100</dataTypeSize>
<ownDataTypeParameters>100,,</ownDataTypeParameters>
</Attribute>
<Attribute name="NOMBRE COMPLETO" id="0AA58FA8-2127-F2F7-BCAC-1A4CCEB9B019">
<createdBy>exequ</createdBy>
<createdTime>2025-08-16 02:52:06 UTC</createdTime>
<generatorID>7283A203-9697-E00F-FD56-DA6C865CDCA0</generatorID>
<ownerDesignName>BTAirways_exequiel_venegas</ownerDesignName>
<engineerTo>
<item key="70F6B931-D651-FFD0-C792-D42345C0AE2C" value="true"/>
</engineerTo>
<nullsAllowed>true</nullsAllowed>
<useDomainConstraints>false</useDomainConstraints>
<use>1</use>
<logicalDatatype>LOGDT037</logicalDatatype>
<dataTypeSize>200</dataTypeSize>
<ownDataTypeParameters>200,,</ownDataTypeParameters>
</Attribute>
<Attribute name="DIRECCION" id="9A3CE6BE-AD86-8944-C834-F262127B3489">
<createdBy>exequ</createdBy>
<createdTime>2025-08-16 02:52:06 UTC</createdTime>
<generatorID>D3723416-7E43-C2AE-7B77-A64FA410F1F2</generatorID>
<ownerDesignName>BTAirways_exequiel_venegas</ownerDesignName>
<engineerTo>
<item key="70F6B931-D651-FFD0-C792-D42345C0AE2C" value="true"/>
</engineerTo>
<nullsAllowed>true</nullsAllowed>
<useDomainConstraints>false</useDomainConstraints>
<use>1</use>
<logicalDatatype>LOGDT037</logicalDatatype>
<dataTypeSize>200</dataTypeSize>
<ownDataTypeParameters>200,,</ownDataTypeParameters>
</Attribute>
<Attribute name="SUELDO BASE" id="21874D28-761E-F6E8-CECC-9F31E0DC176D">
<createdBy>exequ</createdBy>
<createdTime>2025-08-16 02:52:06 UTC</createdTime>
<generatorID>772E28F5-52AC-B3C4-DF40-9C63590DF993</generatorID>
<ownerDesignName>BTAirways_exequiel_venegas</ownerDesignName>
<engineerTo>
<item key="70F6B931-D651-FFD0-C792-D42345C0AE2C" value="true"/>
</engineerTo>
<nullsAllowed>true</nullsAllowed>
<useDomainConstraints>false</useDomainConstraints>
<use>1</use>
<logicalDatatype>LOGDT020</logicalDatatype>
<dataTypePrecision>2</dataTypePrecision>
<ownDataTypeParameters>,2,</ownDataTypeParameters>
</Attribute>
<Attribute name="FECHA INGRESO" id="B4A56565-7773-1E46-37FF-3D8FFC5D56C0">
<createdBy>exequ</createdBy>
<createdTime>2025-08-16 02:52:06 UTC</createdTime>
<generatorID>D132847A-1134-0680-2F10-F6315FCA0663</generatorID>
<ownerDesignName>BTAirways_exequiel_venegas</ownerDesignName>
<engineerTo>
<item key="70F6B931-D651-FFD0-C792-D42345C0AE2C" value="true"/>
</engineerTo>
<nullsAllowed>true</nullsAllowed>
<useDomainConstraints>false</useDomainConstraints>
<use>1</use>
<logicalDatatype>LOGDT007</logicalDatatype>
<ownDataTypeParameters>,,</ownDataTypeParameters>
</Attribute>
<Attribute name="GENERO" id="B85E8DE9-A7EF-1138-E3F4-01FEE6FF986B">
<createdBy>exequ</createdBy>
<createdTime>2025-08-16 02:52:06 UTC</createdTime>
<generatorID>B4742123-8326-FF2C-198F-342DFFEFEBDC</generatorID>
<ownerDesignName>BTAirways_exequiel_venegas</ownerDesignName>
<engineerTo>
<item key="70F6B931-D651-FFD0-C792-D42345C0AE2C" value="true"/>
</engineerTo>
<nullsAllowed>true</nullsAllowed>
<useDomainConstraints>false</useDomainConstraints>
<use>1</use>
<logicalDatatype>LOGDT037</logicalDatatype>
<dataTypeSize>50</dataTypeSize>
<ownDataTypeParameters>50,,</ownDataTypeParameters>
</Attribute>
<Attribute name="TELEFONO" id="90ED63C3-7713-9F9A-A979-195E8B154A28">
<createdBy>exequ</createdBy>
<createdTime>2025-08-16 02:52:06 UTC</createdTime>
<generatorID>92C1033B-0BC1-864C-1DF1-20203ED2C79A</generatorID>
<ownerDesignName>BTAirways_exequiel_venegas</ownerDesignName>
<engineerTo>
<item key="70F6B931-D651-FFD0-C792-D42345C0AE2C" value="true"/>
</engineerTo>
<nullsAllowed>true</nullsAllowed>
<useDomainConstraints>false</useDomainConstraints>
<use>1</use>
<logicalDatatype>LOGDT037</logicalDatatype>
<dataTypeSize>50</dataTypeSize>
<ownDataTypeParameters>50,,</ownDataTypeParameters>
</Attribute>
<Attribute name="EMAIL" id="9FD8135B-7880-E88F-A3AD-8B41702C1FE4">
<createdBy>exequ</createdBy>
<createdTime>2025-08-16 02:52:06 UTC</createdTime>
<generatorID>BA10FAF2-CA8D-15E7-0EB4-D0400748A8E5</generatorID>
<ownerDesignName>BTAirways_exequiel_venegas</ownerDesignName>
<engineerTo>
<item key="70F6B931-D651-FFD0-C792-D42345C0AE2C" value="true"/>
</engineerTo>
<nullsAllowed>true</nullsAllowed>
<useDomainConstraints>false</useDomainConstraints>
<use>1</use>
<logicalDatatype>LOGDT037</logicalDatatype>
<dataTypeSize>200</dataTypeSize>
<ownDataTypeParameters>200,,</ownDataTypeParameters>
</Attribute>
<Attribute name="VUELO NUMERO VUELO" id="F17498D9-730C-54FE-6D46-FDA67C5CDC27">
<createdBy>exequ</createdBy>
<createdTime>2025-08-16 02:52:06 UTC</createdTime>
<generatorID>DBD3F046-A82A-8790-1228-D88951BE74BE</generatorID>
<ownerDesignName>BTAirways_exequiel_venegas</ownerDesignName>
<engineerTo>
<item key="70F6B931-D651-FFD0-C792-D42345C0AE2C" value="true"/>
</engineerTo>
<referedAttribute>DB465D6F-2AEF-A177-C6BF-5BA25DEE848B</referedAttribute>
<useDomainConstraints>false</useDomainConstraints>
<use>1</use>
<logicalDatatype>LOGDT011</logicalDatatype>
<ownDataTypeParameters>,,</ownDataTypeParameters>
</Attribute>
</attributes>
<identifiers itemClass="oracle.dbtools.crest.model.design.logical.CandidateKey">
<identifier id="E7FA599A-1274-5BC8-AA0B-782D2EF723F0" name="EMPLEADO PK">
<createdBy>exequ</createdBy>
<createdTime>2025-08-16 02:52:06 UTC</createdTime>
<generatorID>E1794639-3FAF-FBFC-A272-0C96C5120AC3</generatorID>
<ownerDesignName>BTAirways_exequiel_venegas</ownerDesignName>
<engineerTo>
<item key="70F6B931-D651-FFD0-C792-D42345C0AE2C" value="true"/>
</engineerTo>
<pk>true</pk>
<usedAttributes>
<attributeRef>60207306-6A7A-D52E-FAFD-B82C549EA22B</attributeRef>
</usedAttributes>
</identifier>
</identifiers>
</Entity>