<?xml version = '1.0' encoding = 'UTF-8'?>
<Table class="oracle.dbtools.crest.model.design.relational.Table" directorySegmentName="seg_0" id="BDABDC7E-F3A9-2331-05BE-37D67C3E14EB" name="PASAJEROS">
<createdBy>exequ</createdBy>
<createdTime>2025-08-16 02:15:20 UTC</createdTime>
<ownerDesignName>BTAirways_exequiel_venegas</ownerDesignName>
<ordsAlias>table_1</ordsAlias>
<allowColumnReorder>false</allowColumnReorder>
<existDependencyGenerateInDDl>true</existDependencyGenerateInDDl>
<parsed>true</parsed>
<columns itemClass="oracle.dbtools.crest.model.design.relational.Column">
<Column name="CEDULA_IDENTIDAD" id="B80107C1-A6A9-5017-25FB-1C2C873362B2">
<createdBy>exequ</createdBy>
<createdTime>2025-08-16 02:17:25 UTC</createdTime>
<ownerDesignName>BTAirways_exequiel_venegas</ownerDesignName>
<useDomainConstraints>false</useDomainConstraints>
<use>1</use>
<logicalDatatype>LOGDT037</logicalDatatype>
<dataTypeSize>50</dataTypeSize>
<ownDataTypeParameters>50,,</ownDataTypeParameters>
<autoIncrementCycle>false</autoIncrementCycle>
</Column>
<Column name="NOMBRE_COMPLETO" id="1EEFE820-DBD5-BBDD-1FFF-5869FD87A97C">
<createdBy>exequ</createdBy>
<createdTime>2025-08-16 02:18:01 UTC</createdTime>
<ownerDesignName>BTAirways_exequiel_venegas</ownerDesignName>
<nullsAllowed>true</nullsAllowed>
<useDomainConstraints>false</useDomainConstraints>
<use>1</use>
<logicalDatatype>LOGDT037</logicalDatatype>
<dataTypeSize>500</dataTypeSize>
<ownDataTypeParameters>500,,</ownDataTypeParameters>
<autoIncrementCycle>false</autoIncrementCycle>
</Column>
<Column name="FECHA_NACIMIENTO" id="44DC274D-A7ED-1B2E-428D-790BD216F01A">
<createdBy>exequ</createdBy>
<createdTime>2025-08-16 02:18:26 UTC</createdTime>
<ownerDesignName>BTAirways_exequiel_venegas</ownerDesignName>
<nullsAllowed>true</nullsAllowed>
<useDomainConstraints>false</useDomainConstraints>
<use>1</use>
<logicalDatatype>LOGDT007</logicalDatatype>
<ownDataTypeParameters>,,</ownDataTypeParameters>
<autoIncrementCycle>false</autoIncrementCycle>
</Column>
<Column name="NACIONALIDAD" id="584DCF72-1A16-363B-A4CF-8F5E45CF0B41">
<createdBy>exequ</createdBy>
<createdTime>2025-08-16 02:24:04 UTC</createdTime>
<ownerDesignName>BTAirways_exequiel_venegas</ownerDesignName>
<nullsAllowed>true</nullsAllowed>
<useDomainConstraints>false</useDomainConstraints>
<use>1</use>
<logicalDatatype>LOGDT037</logicalDatatype>
<dataTypeSize>50</dataTypeSize>
<ownDataTypeParameters>50,,</ownDataTypeParameters>
<autoIncrementCycle>false</autoIncrementCycle>
</Column>
<Column name="TELEFONO" id="F5EFC8DB-8145-0253-07EE-8BFCBA0585AA">
<createdBy>exequ</createdBy>
<createdTime>2025-08-16 02:27:44 UTC</createdTime>
<ownerDesignName>BTAirways_exequiel_venegas</ownerDesignName>
<nullsAllowed>true</nullsAllowed>
<useDomainConstraints>false</useDomainConstraints>
<use>1</use>
<logicalDatatype>LOGDT037</logicalDatatype>
<dataTypeSize>15</dataTypeSize>
<ownDataTypeParameters>15,,</ownDataTypeParameters>
<autoIncrementCycle>false</autoIncrementCycle>
</Column>
<Column name="EMAIL" id="7BF79543-8A82-A468-804F-4B62FAD4A9F1">
<createdBy>exequ</createdBy>
<createdTime>2025-08-16 02:27:44 UTC</createdTime>
<ownerDesignName>BTAirways_exequiel_venegas</ownerDesignName>
<nullsAllowed>true</nullsAllowed>
<useDomainConstraints>false</useDomainConstraints>
<use>1</use>
<logicalDatatype>LOGDT037</logicalDatatype>
<dataTypeSize>200</dataTypeSize>
<ownDataTypeParameters>200,,</ownDataTypeParameters>
<autoIncrementCycle>false</autoIncrementCycle>
</Column>
</columns>
<indexes itemClass="oracle.dbtools.crest.model.design.relational.Index">
<ind_PK_UK id="7DE48E07-7A74-CE6C-78C9-91D50D5D38D3" name="Pasajero_PK">
<createdBy>exequ</createdBy>
<createdTime>2025-08-16 02:17:25 UTC</createdTime>
<ownerDesignName>BTAirways_exequiel_venegas</ownerDesignName>
<pk>true</pk>
<indexState>Primary Constraint</indexState>
<isSurrogateKey>false</isSurrogateKey>
<indexColumnUsage>
<colUsage columnID="B80107C1-A6A9-5017-25FB-1C2C873362B2"/>
</indexColumnUsage>
</ind_PK_UK>
</indexes>
</Table>